date,obs,pred
29/11/1991,1.0368,0.119341195
30/11/1991,0.9504,0.089214018
1/12/1991,0.7776,0.055503572
2/12/1991,0.6912,0.043297727
3/12/1991,0.7776,0.039095154
4/12/1991,0.6912,0.028981734
5/12/1991,0.6048,0.017314996
6/12/1991,0.6048,0.015419976
7/12/1991,0.6048,0.014467529
8/12/1991,0.6912,0.014075893
9/12/1991,0.6912,0.013701387
10/12/1991,0.6048,0.013343015
11/12/1991,0.2592,0.012999823
12/12/1991,0.1728,0.012670916
13/12/1991,0.1728,0.012355478
14/12/1991,0.0864,0.012052753
15/12/1991,0.0864,0.011762035
16/12/1991,0.1728,0.011482667
17/12/1991,0.1728,0.011214037
18/12/1991,0.1728,0.010955577
19/12/1991,0.1728,0.010706755
20/12/1991,0.1728,0.011993412
21/12/1991,0.2592,0.012346236
22/12/1991,0.2592,0.010013299
23/12/1991,0.3456,0.009798362
24/12/1991,0.2592,0.009590875
25/12/1991,0.2592,0.009390483
26/12/1991,0.1728,0.009196851
27/12/1991,0.1728,0.009009667
28/12/1991,0.1728,0.008828633
29/12/1991,0.1728,0.008653472
30/12/1991,0.1728,0.008483919
31/12/1991,0.1728,0.008319728
1/01/1992,0.0864,0.008160664
2/01/1992,0.0864,0.008006507
3/01/1992,0.0864,0.007857047
4/01/1992,0.0864,0.007712087
5/01/1992,0,0.007571441
6/01/1992,0,0.00743493
7/01/1992,0,0.007302388
8/01/1992,0,0.007173655
9/01/1992,0,0.007048581
10/01/1992,0,0.00692702
11/01/1992,0,0.006808839
12/01/1992,0,0.006693905
13/01/1992,0,0.006582098
14/01/1992,0,0.006473299
15/01/1992,0,0.006367396
16/01/1992,0,0.006264284
17/01/1992,0,0.006163861
18/01/1992,0.0864,0.006066029
19/01/1992,0,0.005970698
20/01/1992,0,0.005877778
21/01/1992,0,0.005787186
22/01/1992,0,0.005698841
23/01/1992,0,0.005612666
24/01/1992,0,0.005528589
25/01/1992,0,0.005446537
26/01/1992,0,0.005366445
27/01/1992,0,0.005288247
28/01/1992,0,0.005211882
29/01/1992,0,0.00513729
30/01/1992,0,0.005064416
31/01/1992,0,0.004993203
1/02/1992,0,0.0049236
2/02/1992,0,0.004855557
3/02/1992,0,0.004789026
4/02/1992,0,0.00472396
5/02/1992,0,0.004660315
6/02/1992,0,0.004598047
7/02/1992,0,0.004537117
8/02/1992,0,0.004477484
9/02/1992,0,0.00441911
10/02/1992,0,0.004361959
11/02/1992,0,0.004305994
12/02/1992,0,0.00429063
13/02/1992,1.9008,0.004251136
14/02/1992,0.6912,0.004197424
15/02/1992,0.2592,0.004144803
16/02/1992,0.3456,0.00409324
17/02/1992,0.1728,0.004042708
18/02/1992,0.0864,0.003993177
19/02/1992,0.0864,0.003944621
20/02/1992,0,0.003897012
21/02/1992,0,0.003850327
22/02/1992,0,0.003804539
23/02/1992,0,0.003759625
24/02/1992,0,0.003715563
25/02/1992,0,0.003672329
26/02/1992,0,0.003629903
27/02/1992,0,0.003588263
28/02/1992,0,0.00354739
29/02/1992,0,0.003507264
1/03/1992,0,0.005205873
2/03/1992,5.8752,0.006973171
3/03/1992,1.5552,0.02624109
4/03/1992,5.9616,0.02724912
5/03/1992,7.5168,0.006548182
6/03/1992,6.1344,0.005399174
7/03/1992,3.024,0.005309071
8/03/1992,1.6416,0.005222234
9/03/1992,1.0368,0.005138394
10/03/1992,0.7776,0.005057319
11/03/1992,0.6048,0.004978831
12/03/1992,0.5184,0.004902771
13/03/1992,0.432,0.004829021
14/03/1992,0.432,0.004757454
15/03/1992,0.3456,0.004687976
16/03/1992,0.3456,0.004620457
17/03/1992,0.3456,0.004554785
18/03/1992,0.2592,0.004490868
19/03/1992,0.2592,0.004428615
20/03/1992,0.2592,0.00436795
21/03/1992,0.2592,0.004308821
22/03/1992,0.2592,0.004251146
23/03/1992,0.6912,0.004194859
24/03/1992,0.5184,0.004139902
25/03/1992,0.432,0.004086219
26/03/1992,0.3456,0.004033758
27/03/1992,0.3456,0.004206605
28/03/1992,0.3456,0.004233788
29/03/1992,2.6784,0.004176921
30/03/1992,2.592,0.004121481
31/03/1992,1.728,0.0040674
1/04/1992,1.0368,0.01012067
2/04/1992,0.6912,0.009962426
3/04/1992,0.6048,0.009809409
4/04/1992,0.5184,0.009661266
5/04/1992,0.432,0.009740915
6/04/1992,0.3456,0.032354082
7/04/1992,3.1104,0.098067601
8/04/1992,8.1216,0.062981161
9/04/1992,6.7392,0.060475591
10/04/1992,2.8512,0.057549252
11/04/1992,2.16,0.053951104
12/04/1992,1.5552,0.054691557
13/04/1992,1.1232,0.054288244
14/04/1992,1.0368,0.053143933
15/04/1992,1.0368,0.117917354
16/04/1992,1.728,0.06828941
17/04/1992,2.7648,0.064644301
18/04/1992,2.592,0.061683612
19/04/1992,1.5552,0.060192087
20/04/1992,1.296,0.235619455
21/04/1992,6.5664,0.18837752
22/04/1992,6.2208,0.108467418
23/04/1992,3.2832,0.100805623
24/04/1992,1.728,0.094743857
25/04/1992,1.5552,0.090583302
26/04/1992,1.3824,0.089056486
27/04/1992,1.296,0.181475753
28/04/1992,2.592,0.124080019
29/04/1992,2.7648,0.110817397
30/04/1992,3.456,0.104803309
1/05/1992,2.2464,0.101587018
2/05/1992,1.8144,0.150530596
3/05/1992,1.9008,0.124126309
4/05/1992,2.7648,0.114663399
5/05/1992,2.16,0.108607187
6/05/1992,1.5552,0.104304279
7/05/1992,1.3824,0.10065456
8/05/1992,1.296,0.164438603
9/05/1992,1.5552,0.133258183
10/05/1992,4.1472,0.123883318
11/05/1992,2.2464,0.270017739
12/05/1992,1.9008,0.721144566
13/05/1992,12.8736,1.335682627
14/05/1992,13.5648,7.126277302
15/05/1992,13.1328,3.702537618
16/05/1992,10.8,2.211662593
17/05/1992,6.48,1.770586021
18/05/1992,3.7152,2.185236317
19/05/1992,3.8016,2.858348223
20/05/1992,3.888,2.452237172
21/05/1992,3.5424,2.129410402
22/05/1992,1.9872,1.902629254
23/05/1992,1.8144,1.706648013
24/05/1992,1.8144,1.550131241
25/05/1992,1.8144,1.417926094
26/05/1992,1.728,1.825904921
27/05/1992,1.9872,1.860385659
28/05/1992,2.8512,1.689736737
29/05/1992,3.1104,1.50638282
30/05/1992,2.592,1.379232325
31/05/1992,2.4192,1.263449784
1/06/1992,2.4192,1.161051581
2/06/1992,2.16,3.286254573
3/06/1992,3.5424,2.318667462
4/06/1992,3.024,1.93369706
5/06/1992,3.3696,1.725053825
6/06/1992,2.5056,1.564951985
7/06/1992,2.3328,1.68005035
8/06/1992,2.16,1.742494477
9/06/1992,2.0736,1.593277091
10/06/1992,2.2464,7.445744535
11/06/1992,4.4928,6.220372234
12/06/1992,4.8384,4.543447772
13/06/1992,5.184,3.711772676
14/06/1992,3.7152,3.176969397
15/06/1992,3.456,2.766945472
16/06/1992,3.024,2.457194412
17/06/1992,2.592,3.328078234
18/06/1992,2.592,7.002004409
19/06/1992,4.8384,16.94205659
20/06/1992,11.8368,11.48429489
21/06/1992,21.4272,8.564561071
22/06/1992,11.7504,7.659515189
23/06/1992,5.7024,12.68952529
24/06/1992,5.2704,9.380066638
25/06/1992,10.368,7.046903261
26/06/1992,4.5792,5.701630056
27/06/1992,3.456,4.79597997
28/06/1992,3.1968,4.132589643
29/06/1992,2.7648,3.621142413
30/06/1992,2.2464,6.840111148
1/07/1992,2.592,5.568200885
2/07/1992,5.3568,4.446599231
3/07/1992,5.8752,4.173188271
4/07/1992,3.1104,12.29033998
5/07/1992,2.6784,8.290762823
6/07/1992,14.688,9.458879426
7/07/1992,8.3808,18.42906069
8/07/1992,8.208,11.49266532
9/07/1992,4.752,9.704165093
10/07/1992,5.0112,7.864571953
11/07/1992,4.0608,12.94243336
12/07/1992,2.8512,13.9659313
13/07/1992,4.4928,14.20745839
14/07/1992,7.2576,10.57084316
15/07/1992,4.32,8.053958902
16/07/1992,3.1968,6.569607523
17/07/1992,2.8512,5.545692662
18/07/1992,2.6784,5.035783643
19/07/1992,2.592,11.36619317
20/07/1992,2.6784,13.47829676
21/07/1992,4.752,9.402872074
22/07/1992,6.048,7.367552077
23/07/1992,4.2336,6.814839528
24/07/1992,3.3696,7.255378275
25/07/1992,3.5424,6.197716595
26/07/1992,3.1104,5.248133695
27/07/1992,3.1104,4.695492356
28/07/1992,2.8512,4.125759323
29/07/1992,2.6784,3.682950428
30/07/1992,2.592,4.176882289
31/07/1992,2.5056,3.975428788
1/08/1992,2.7648,3.514124313
2/08/1992,2.9376,3.189079249
3/08/1992,2.8512,2.962368429
4/08/1992,2.6784,2.793257011
5/08/1992,2.6784,2.549913493
6/08/1992,2.5056,2.523816328
7/08/1992,2.16,2.290612709
8/08/1992,2.7648,12.8611493
9/08/1992,6.5664,7.220710177
10/08/1992,12.6144,18.61013259
11/08/1992,5.9616,22.82476797
12/08/1992,9.2448,99.47977151
13/08/1992,15.0336,74.68192265
14/08/1992,151.2864,70.89879573
15/08/1992,226.4544,41.22508007
16/08/1992,176.4288,23.22610438
17/08/1992,194.4864,31.3401757
18/08/1992,76.2912,21.97068583
19/08/1992,39.9168,25.4619594
20/08/1992,25.2288,21.35891048
21/08/1992,45.1008,15.32806647
22/08/1992,42.5088,11.57783685
23/08/1992,37.2384,9.522657936
24/08/1992,21.9456,8.072543423
25/08/1992,17.4528,7.065703613
26/08/1992,14.4288,6.254000828
27/08/1992,11.4912,5.674211524
28/08/1992,9.7632,5.270610473
29/08/1992,8.8128,16.65505075
30/08/1992,8.9856,193.5890986
31/08/1992,156.384,306.5445733
1/09/1992,1363.392,205.0608363
2/09/1992,700.0992,121.602894
3/09/1992,726.5376,126.5549523
4/09/1992,473.9904,58.61313047
5/09/1992,521.2512,34.21984484
6/09/1992,220.6656,23.77816716
7/09/1992,146.448,22.13060165
8/09/1992,113.0112,17.87424702
9/09/1992,102.4704,14.34961532
10/09/1992,88.56,12.06028936
11/09/1992,60.3936,14.5140002
12/09/1992,45.0144,17.52901461
13/09/1992,53.136,13.15543977
14/09/1992,120.0096,37.72177616
15/09/1992,61.5168,257.4028533
16/09/1992,748.656,323.9631229
17/09/1992,1215.8208,117.4133602
18/09/1992,1151.0208,38.59941558
19/09/1992,287.4528,25.06943239
20/09/1992,188.0064,18.80809703
21/09/1992,147.4848,15.4023213
22/09/1992,94.0032,144.8812197
23/09/1992,129.4272,65.13930328
24/09/1992,689.3856,56.86542033
25/09/1992,294.1056,171.0117721
26/09/1992,1112.2272,77.6886119
27/09/1992,604.1952,33.95029094
28/09/1992,227.4912,23.25430693
29/09/1992,139.968,85.31683262
30/09/1992,243.1296,41.4838017
1/10/1992,328.32,24.73910606
2/10/1992,142.2144,18.31968051
3/10/1992,80.352,14.54936348
4/10/1992,56.8512,42.47537121
5/10/1992,210.0384,23.21013952
6/10/1992,398.6496,17.47370213
7/10/1992,197.5104,13.42550697
8/10/1992,97.5456,184.3924834
9/10/1992,101.8656,426.2316671
10/10/1992,2467.152,206.2045028
11/10/1992,893.8944,63.67891455
12/10/1992,566.6112,39.38554648
13/10/1992,438.7392,24.59418428
14/10/1992,207.7056,17.82343994
15/10/1992,127.9584,14.75949119
16/10/1992,79.8336,12.44677981
17/10/1992,57.7152,35.84326694
18/10/1992,74.4768,19.69283156
19/10/1992,170.1216,42.21677036
20/10/1992,146.9664,22.36757859
21/10/1992,85.2768,15.69922938
22/10/1992,65.0592,12.18646082
23/10/1992,43.3728,9.897384396
24/10/1992,32.4864,8.257508617
25/10/1992,27.7344,7.077889351
26/10/1992,24.624,5.974672767
27/10/1992,22.032,5.309547981
28/10/1992,21.5136,4.755024329
29/10/1992,20.9088,8.124434324
30/10/1992,19.44,27.46388288
31/10/1992,277.4304,25.16029351
1/11/1992,132.1056,15.03787948
2/11/1992,55.4688,10.56524486
3/11/1992,38.9664,8.396714412
4/11/1992,29.2896,6.797716732
5/11/1992,25.2288,5.576340489
6/11/1992,22.1184,4.739389803
7/11/1992,19.872,3.973897931
8/11/1992,18.144,3.512938492
9/11/1992,16.2432,28.7682875
10/11/1992,21.3408,120.8021333
11/11/1992,82.6848,48.96400918
12/11/1992,323.4816,23.29330588
13/11/1992,156.0384,14.65400559
14/11/1992,59.0112,10.48626997
15/11/1992,33.3504,7.961952371
16/11/1992,24.5376,6.410641851
17/11/1992,20.9088,7.718641317
18/11/1992,18.2304,84.69904196
19/11/1992,497.5776,28.76229999
20/11/1992,298.5984,16.36102932
21/11/1992,95.5584,34.51335557
22/11/1992,73.6992,79.52654083
23/11/1992,128.9088,32.83990323
24/11/1992,134.0928,18.35665879
25/11/1992,80.2656,24.45688413
26/11/1992,40.2624,15.59656603
27/11/1992,36.0288,10.75990566
28/11/1992,35.1648,8.263720219
29/11/1992,34.8192,6.691517824
30/11/1992,24.3648,5.393148813
1/12/1992,19.3536,4.486667029
2/12/1992,17.6256,4.01307548
3/12/1992,15.7248,12.90636063
4/12/1992,19.9584,7.609868509
5/12/1992,17.1936,11.30457685
6/12/1992,201.744,8.118407749
7/12/1992,58.6656,8.850188665
8/12/1992,46.3968,6.527883426
9/12/1992,26.8704,5.005050096
10/12/1992,21.5136,4.054796529
11/12/1992,17.712,3.593605243
12/12/1992,14.1696,3.047372355
13/12/1992,12.0096,3.720106158
14/12/1992,12.096,3.349609064
15/12/1992,15.6384,2.703879246
16/12/1992,12.6144,2.328201891
17/12/1992,10.7136,67.66220314
18/12/1992,13.824,65.75789721
19/12/1992,624.7584,78.48482198
20/12/1992,1060.128,126.9234425
21/12/1992,1615.8528,95.37250185
22/12/1992,603.8496,39.43524514
23/12/1992,575.5968,19.85694425
24/12/1992,195.0912,13.29949032
25/12/1992,108.432,11.28715344
26/12/1992,71.7984,8.600522836
27/12/1992,74.736,6.959393444
28/12/1992,53.568,5.889202499
29/12/1992,37.8432,4.817858025
30/12/1992,31.2768,4.011200418
31/12/1992,27.4752,3.399555444
1/01/1993,24.4512,2.939705775
2/01/1993,22.2048,2.588569999
3/01/1993,20.304,2.332979116
4/01/1993,18.6624,2.043314541
5/01/1993,17.0208,1.770373062
6/01/1993,16.3296,1.547185052
7/01/1993,15.2928,1.399293461
8/01/1993,13.9968,1.258599672
9/01/1993,12.7872,1.083564293
10/01/1993,12.3552,0.951312039
11/01/1993,11.5776,0.838009815
12/01/1993,10.8864,0.741718122
13/01/1993,10.1952,0.639259203
14/01/1993,9.8496,0.555410098
15/01/1993,9.072,0.532111305
16/01/1993,7.9488,0.523863061
17/01/1993,6.8256,0.432118926
18/01/1993,6.48,0.368795605
19/01/1993,6.912,0.302923156
20/01/1993,5.7024,0.248351419
21/01/1993,7.1712,0.804967612
22/01/1993,6.3072,0.508662224
23/01/1993,10.1088,0.440831943
24/01/1993,6.9984,2.85444249
25/01/1993,9.936,5.897387319
26/01/1993,28.3392,7.386665808
27/01/1993,34.56,3.518956635
28/01/1993,36.72,2.597732504
29/01/1993,28.3392,2.090582597
30/01/1993,21.6864,1.721681906
31/01/1993,16.5024,1.426499996
1/02/1993,12.528,1.266811371
2/02/1993,10.1088,1.101919196
3/02/1993,8.64,0.946020844
4/02/1993,7.6032,0.848259834
5/02/1993,5.7888,0.765991781
6/02/1993,4.8384,0.657934257
7/02/1993,3.888,0.577578842
8/02/1993,3.3696,0.620481776
9/02/1993,3.3696,0.490184773
10/02/1993,3.3696,0.419054285
11/02/1993,3.2832,0.437434184
12/02/1993,3.2832,0.401798437
13/02/1993,3.8016,0.298867408
14/02/1993,3.456,0.260834689
15/02/1993,3.1968,0.245107185
16/02/1993,3.024,0.211004252
17/02/1993,2.6784,0.154365865
18/02/1993,2.5056,0.131184459
19/02/1993,2.4192,0.115678937
20/02/1993,2.16,0.110768557
21/02/1993,1.9008,0.103848723
22/02/1993,2.0736,0.125228674
23/02/1993,2.4192,0.11298044
24/02/1993,2.5056,0.058946973
25/02/1993,3.024,0.048438856
26/02/1993,3.024,0.04108382
27/02/1993,2.5056,0.035149769
28/02/1993,2.4192,0.043806371
1/03/1993,2.6784,0.409037056
2/03/1993,3.9744,0.126784159
3/03/1993,4.4064,0.072767803
4/03/1993,3.8016,0.062103041
5/03/1993,3.1104,0.056228066
6/03/1993,2.592,0.046889525
7/03/1993,2.4192,0.040124303
8/03/1993,2.5056,0.034628145
9/03/1993,2.3328,0.028052448
10/03/1993,2.4192,0.022043428
11/03/1993,2.2464,0.016991669
12/03/1993,2.3328,0.013519612
13/03/1993,2.3328,0.011541878
14/03/1993,1.9872,0.011271199
15/03/1993,2.16,0.011010771
16/03/1993,1.9872,0.015567683
17/03/1993,1.5552,0.011913554
18/03/1993,1.5552,0.010285865
19/03/1993,1.728,0.010061449
20/03/1993,1.6416,0.009844937
21/03/1993,1.5552,0.009635949
22/03/1993,1.5552,0.019039543
23/03/1993,2.592,0.009415474
24/03/1993,2.4192,0.009629265
25/03/1993,2.4192,0.008909884
26/03/1993,2.2464,0.008732111
27/03/1993,2.0736,0.008560062
28/03/1993,2.16,0.008393485
29/03/1993,2.2464,0.008232137
30/03/1993,2.0736,0.008075793
31/03/1993,1.8144,0.007924238
1/04/1993,2.0736,0.091545843
2/04/1993,2.2464,0.092828328
3/04/1993,2.3328,0.088685612
4/04/1993,2.16,0.086515208
5/04/1993,2.2464,0.086102866
6/04/1993,1.8144,0.087444666
7/04/1993,1.8144,0.084026875
8/04/1993,2.3328,0.080045965
9/04/1993,2.3328,0.077598668
10/04/1993,2.0736,0.075841948
11/04/1993,2.0736,0.073512958
12/04/1993,2.2464,0.070399022
13/04/1993,2.6784,0.07426767
14/04/1993,2.2464,0.071676554
15/04/1993,2.2464,0.069763444
16/04/1993,2.4192,0.067686242
17/04/1993,2.4192,0.065652968
18/04/1993,2.4192,0.063241755
19/04/1993,2.2464,0.061710842
20/04/1993,1.9008,0.060638567
21/04/1993,1.9008,0.058553354
22/04/1993,2.16,0.05713371
23/04/1993,2.592,0.056588225
24/04/1993,2.592,0.059435562
25/04/1993,2.5056,0.056434449
26/04/1993,2.3328,0.055983673
27/04/1993,2.0736,0.057662089
28/04/1993,2.16,0.064636337
29/04/1993,2.6784,0.052848217
30/04/1993,3.5424,0.051657493
1/05/1993,2.7648,0.052064766
2/05/1993,2.7648,0.051134195
3/05/1993,2.0736,0.050857357
4/05/1993,1.9872,0.049973411
5/05/1993,2.5056,0.047851555
6/05/1993,2.4192,0.054632758
7/05/1993,2.0736,0.048814826
8/05/1993,2.592,0.048646311
9/05/1993,3.5424,0.047862705
10/05/1993,3.024,0.049728745
11/05/1993,2.4192,0.046524012
12/05/1993,2.3328,0.045580118
13/05/1993,3.2832,0.045703305
14/05/1993,2.7648,0.046893022
15/05/1993,3.2832,0.043478738
16/05/1993,2.8512,0.042389945
17/05/1993,3.5424,0.041526155
18/05/1993,3.1104,0.0394169
19/05/1993,2.4192,0.039001732
20/05/1993,2.6784,0.038180221
21/05/1993,3.024,0.043626395
22/05/1993,3.024,0.049100666
23/05/1993,5.616,0.040288974
24/05/1993,5.7888,0.041391387
25/05/1993,4.2336,0.03935611
26/05/1993,3.456,0.038382777
27/05/1993,3.456,0.037631032
28/05/1993,3.3696,0.036680537
29/05/1993,3.3696,0.034900965
30/05/1993,3.3696,0.046384584
31/05/1993,4.9248,0.04988482
1/06/1993,4.4928,0.03825712
2/06/1993,4.6656,0.036481113
3/06/1993,4.8384,0.037235819
4/06/1993,3.2832,0.036418677
5/06/1993,3.8016,0.042758101
6/06/1993,5.2704,0.036167028
7/06/1993,3.888,0.036518001
8/06/1993,4.6656,0.036879082
9/06/1993,4.0608,0.038627998
10/06/1993,5.7024,0.086854142
11/06/1993,9.504,0.15623095
12/06/1993,8.3808,0.37962775
13/06/1993,19.008,0.267466044
14/06/1993,11.8368,0.101716679
15/06/1993,6.3936,0.097208231
16/06/1993,4.6656,0.079248549
17/06/1993,4.752,0.07080563
18/06/1993,4.4064,0.347408908
19/06/1993,4.32,0.619189373
20/06/1993,7.344,0.978825565
21/06/1993,6.8256,2.135907327
22/06/1993,9.4176,1.99150574
23/06/1993,14.256,1.080874571
24/06/1993,10.368,0.686046943
25/06/1993,11.5776,0.599769732
26/06/1993,9.2448,0.55492794
27/06/1993,7.6896,0.510076986
28/06/1993,6.3936,0.480198004
29/06/1993,5.0976,0.443295238
30/06/1993,4.32,0.51734393
1/07/1993,4.4064,0.554374189
2/07/1993,4.6656,0.483298008
3/07/1993,4.6656,0.459312688
4/07/1993,3.5424,0.443612438
5/07/1993,3.1968,0.420538597
6/07/1993,4.4064,0.406233216
7/07/1993,3.456,0.639029305
8/07/1993,3.3696,6.918135282
9/07/1993,24.624,7.099778759
10/07/1993,17.712,5.157891066
11/07/1993,36.0288,3.739667758
12/07/1993,16.9344,3.042645803
13/07/1993,15.0336,2.603160312
14/07/1993,10.1088,2.323159829
15/07/1993,8.64,2.285395584
16/07/1993,8.8128,2.118480977
17/07/1993,8.2944,1.954388952
18/07/1993,7.4304,1.805668523
19/07/1993,6.3072,1.691697137
20/07/1993,4.752,1.57169249
21/07/1993,3.9744,1.403729206
22/07/1993,4.2336,1.297756969
23/07/1993,3.888,1.175005074
24/07/1993,3.8016,1.22981729
25/07/1993,3.9744,1.119922222
26/07/1993,4.1472,1.814915395
27/07/1993,6.048,1.354176182
28/07/1993,6.048,1.264675496
29/07/1993,4.6656,1.149023079
30/07/1993,4.4064,1.119306587
31/07/1993,3.8016,1.978665122
1/08/1993,5.5296,1.445995523
2/08/1993,7.6896,2.913953105
3/08/1993,4.6656,2.957776181
4/08/1993,5.9616,2.32938124
5/08/1993,8.0352,1.975091754
6/08/1993,4.6656,1.751700653
7/08/1993,3.1104,1.570265773
8/08/1993,4.4064,2.316931031
9/08/1993,3.3696,1.879384178
10/08/1993,2.8512,6.644143889
11/08/1993,4.0608,4.024700856
12/08/1993,10.7136,3.123565796
13/08/1993,4.6656,2.6684612
14/08/1993,5.0976,5.660446754
15/08/1993,8.9856,9.770715358
16/08/1993,8.4672,8.44207858
17/08/1993,7.344,6.827427473
18/08/1993,6.912,7.51874795
19/08/1993,7.6032,6.346357622
20/08/1993,7.776,5.009681568
21/08/1993,7.4304,4.107945843
22/08/1993,7.6896,3.510960088
23/08/1993,6.9984,3.044739249
24/08/1993,5.7024,2.673653243
25/08/1993,3.888,2.370052574
26/08/1993,4.0608,2.111285668
27/08/1993,4.4928,1.938742749
28/08/1993,4.6656,1.758355616
29/08/1993,4.1472,1.572845066
30/08/1993,4.2336,1.483106696
31/08/1993,3.7152,2.497568219
1/09/1993,4.4928,2.561363518
2/09/1993,6.3936,12.31436724
3/09/1993,8.208,5.848783288
4/09/1993,8.5536,4.41354623
5/09/1993,4.5792,3.65751804
6/09/1993,3.2832,3.120308978
7/09/1993,4.6656,2.714193424
8/09/1993,6.3072,5.081413708
9/09/1993,6.48,5.33339629
10/09/1993,10.8,4.477299847
11/09/1993,5.616,3.591449418
12/09/1993,3.1968,3.10096669
13/09/1993,5.184,2.68499888
14/09/1993,4.4064,2.395365671
15/09/1993,3.9744,2.137838075
16/09/1993,5.0976,1.91247775
17/09/1993,4.4928,1.690944579
18/09/1993,4.1472,1.581269625
19/09/1993,3.888,19.49576487
20/09/1993,16.9344,19.54367129
21/09/1993,24.7104,12.3223958
22/09/1993,14.8608,8.887270703
23/09/1993,20.8224,6.699599864
24/09/1993,16.0704,5.342813312
25/09/1993,11.9232,4.409858871
26/09/1993,9.504,3.77099432
27/09/1993,8.1216,3.157616076
28/09/1993,6.3936,2.978473813
29/09/1993,4.2336,3.995147877
30/09/1993,6.3072,3.161913288
1/10/1993,9.5904,5.553532866
2/10/1993,12.6144,4.045262112
3/10/1993,7.6896,3.9885754
4/10/1993,6.1344,5.642868938
5/10/1993,6.2208,4.224075718
6/10/1993,6.8256,3.243090465
7/10/1993,13.392,2.702360183
8/10/1993,9.504,2.338823286
9/10/1993,6.48,2.166403886
10/10/1993,6.3936,3.245025566
11/10/1993,6.6528,2.500615119
12/10/1993,6.8256,2.112166081
13/10/1993,4.4928,1.814495389
14/10/1993,4.9248,1.587229245
15/10/1993,4.32,1.394802672
16/10/1993,4.1472,1.23341995
17/10/1993,3.9744,1.4082361
18/10/1993,3.8016,7.355415038
19/10/1993,17.1936,8.235211723
20/10/1993,20.9952,4.649300912
21/10/1993,13.5648,3.493057029
22/10/1993,6.8256,2.869704537
23/10/1993,4.9248,2.391856074
24/10/1993,6.3936,2.099518043
25/10/1993,6.48,1.863546338
26/10/1993,5.5296,1.621926346
27/10/1993,4.1472,1.353922329
28/10/1993,3.8016,1.423808446
29/10/1993,3.2832,1.516576489
30/10/1993,6.3072,1.170725735
31/10/1993,6.2208,1.013519299
1/11/1993,3.7152,1.000354988
2/11/1993,3.1968,2.086735162
3/11/1993,4.2336,1.468009789
4/11/1993,10.4544,1.340822384
5/11/1993,6.3936,0.999669879
6/11/1993,4.5792,0.86118902
7/11/1993,4.32,0.802931381
8/11/1993,4.0608,0.699284583
9/11/1993,3.456,0.617945496
10/11/1993,3.024,0.545936133
11/11/1993,4.9248,0.452901659
12/11/1993,5.616,0.445691967
13/11/1993,5.5296,0.416217816
14/11/1993,6.48,0.346531867
15/11/1993,5.8752,0.301399627
16/11/1993,3.6288,0.261229036
17/11/1993,2.3328,0.235307598
18/11/1993,1.9872,0.24452294
19/11/1993,4.32,0.448030741
20/11/1993,4.9248,1.507010423
21/11/1993,19.3536,0.697751302
22/11/1993,8.9856,0.569865436
23/11/1993,3.9744,0.46924669
24/11/1993,2.7648,0.412199316
25/11/1993,2.9376,0.338830748
26/11/1993,2.9376,0.264763138
27/11/1993,2.7648,0.276528965
28/11/1993,2.5056,0.232846791
29/11/1993,2.0736,0.186708251
30/11/1993,2.2464,0.160322731
1/12/1993,1.5552,0.130775979
2/12/1993,1.5552,0.114898449
3/12/1993,1.4688,0.109555075
4/12/1993,1.4688,0.097981522
5/12/1993,1.728,0.072961324
6/12/1993,2.16,0.061815226
7/12/1993,1.9008,0.04872938
8/12/1993,1.4688,0.036984935
9/12/1993,1.2096,0.0277756
10/12/1993,1.0368,0.024160588
11/12/1993,1.3824,0.027151651
12/12/1993,1.3824,0.031254726
13/12/1993,1.9872,0.020505166
14/12/1993,2.2464,0.033845008
15/12/1993,2.3328,0.021039628
16/12/1993,2.16,0.018395872
17/12/1993,1.9008,0.014590658
18/12/1993,1.8144,0.014192431
19/12/1993,1.8144,0.013811886
20/12/1993,1.5552,0.013447945
21/12/1993,1.1232,0.013979257
22/12/1993,1.0368,0.089072846
23/12/1993,2.592,0.0792256
24/12/1993,7.1712,0.038467496
25/12/1993,5.0112,0.022929286
26/12/1993,3.9744,0.016150452
27/12/1993,2.5056,0.016884866
28/12/1993,2.6784,0.017652079
29/12/1993,1.9008,0.012149784
30/12/1993,1.728,0.011685163
31/12/1993,1.9008,0.011404479
1/01/1994,1.8144,0.011134992
2/01/1994,1.728,0.010876069
3/01/1994,1.728,0.010627126
4/01/1994,1.6416,0.010387619
5/01/1994,1.4688,0.010157021
6/01/1994,1.2096,0.009944337
7/01/1994,1.2096,0.114393849
8/01/1994,7.0848,0.021346646
9/01/1994,7.2576,0.01145052
10/01/1994,4.1472,0.011070068
11/01/1994,3.1104,0.010798255
12/01/1994,2.3328,0.010539017
13/01/1994,1.9008,0.010291398
14/01/1994,1.3824,0.010054479
15/01/1994,1.296,0.009827433
16/01/1994,1.296,0.009609601
17/01/1994,2.6784,0.009400356
18/01/1994,1.4688,0.009199133
19/01/1994,1.1232,0.009005435
20/01/1994,0.864,0.008818812
21/01/1994,0.6912,0.008638854
22/01/1994,0.864,0.008465176
23/01/1994,0.864,0.008297433
24/01/1994,0.9504,0.008135315
25/01/1994,1.0368,0.007978539
26/01/1994,0.7776,0.007826848
27/01/1994,0.432,0.007679998
28/01/1994,0.3456,0.007537759
29/01/1994,0.3456,0.007399916
30/01/1994,0.3456,0.007266271
31/01/1994,0.3456,0.007136634
1/02/1994,0.2592,0.007010832
2/02/1994,0.2592,0.006888699
3/02/1994,0.2592,0.006770079
4/02/1994,0.2592,0.006654829
5/02/1994,0.2592,0.00654281
6/02/1994,0.2592,0.006433892
7/02/1994,0.3456,0.006327951
8/02/1994,0.2592,0.006224872
9/02/1994,0.2592,0.006124543
10/02/1994,0.1728,0.006026862
11/02/1994,0.2592,0.005931728
12/02/1994,0.0864,0.005839047
13/02/1994,0.1728,0.005748729
14/02/1994,0.1728,0.00566069
15/02/1994,0,0.005574847
16/02/1994,0.1728,0.005491124
17/02/1994,0.2592,0.005409448
18/02/1994,0.1728,0.005329746
19/02/1994,0.1728,0.005251954
20/02/1994,0.0864,0.005176005
21/02/1994,0.0864,0.00510184
22/02/1994,0,0.005029398
23/02/1994,0,0.004958625
24/02/1994,0,0.004889466
25/02/1994,0,0.00482261
26/02/1994,0,0.004756776
27/02/1994,0.1728,0.004692136
28/02/1994,0.1728,0.004628918
1/03/1994,0.0864,0.004567077
2/03/1994,0.0864,0.004506573
3/03/1994,0.1728,0.004447364
4/03/1994,0.2592,0.004389412
5/03/1994,0.1728,0.004332681
6/03/1994,0.1728,0.004277134
7/03/1994,0.1728,0.004222736
8/03/1994,0.2592,0.004169456
9/03/1994,0.1728,0.00411726
10/03/1994,0.1728,0.004066118
11/03/1994,0.0864,0.004016001
12/03/1994,0.0864,0.003966881
13/03/1994,0.0864,0.003918728
14/03/1994,0.0864,0.003871518
15/03/1994,0.0864,0.003825224
16/03/1994,0.0864,0.003779822
17/03/1994,0.0864,0.003735288
18/03/1994,0.0864,0.003691599
19/03/1994,0.0864,0.003648733
20/03/1994,0.0864,0.003606668
21/03/1994,0.0864,0.003565384
22/03/1994,0.2592,0.00352486
23/03/1994,0.3456,0.003485077
24/03/1994,0.2592,0.003446016
25/03/1994,0.2592,0.00340766
26/03/1994,0.2592,0.00336999
27/03/1994,0.2592,0.003332989
28/03/1994,0.2592,0.003296642
29/03/1994,0.2592,0.003260932
30/03/1994,0.2592,0.003225843
31/03/1994,0.2592,0.003191361
1/04/1994,0.1728,0.007466752
2/04/1994,0.1728,0.007381477
3/04/1994,0.1728,0.007297006
4/04/1994,0.1728,0.007214095
5/04/1994,0.1728,0.007132704
6/04/1994,0.1728,0.007052794
7/04/1994,0.1728,0.006974329
8/04/1994,0.1728,0.006897271
9/04/1994,0.1728,0.006821586
10/04/1994,0.1728,0.00674724
11/04/1994,0.1728,0.0066742
12/04/1994,0.1728,0.006602801
13/04/1994,0.1728,0.006532479
14/04/1994,0.2592,0.006463159
15/04/1994,0.2592,0.006395023
16/04/1994,0.2592,0.006328044
17/04/1994,0.2592,0.006262195
18/04/1994,0.2592,0.006197449
19/04/1994,0.2592,0.00613378
20/04/1994,0.2592,0.006071164
21/04/1994,0.3456,0.006009577
22/04/1994,0.3456,0.005948994
23/04/1994,0.3456,0.005889395
24/04/1994,0.3456,0.005830755
25/04/1994,0.3456,0.005773055
26/04/1994,0.432,0.005716273
27/04/1994,0.432,0.005660388
28/04/1994,0.432,0.014250459
29/04/1994,0.432,0.024991298
30/04/1994,0.5184,0.018838009
1/05/1994,0.5184,0.020771523
2/05/1994,0.5184,0.021976829
3/05/1994,0.5184,0.020876293
4/05/1994,0.6048,0.020199825
5/05/1994,0.6048,0.018477336
6/05/1994,0.6912,0.018858742
7/05/1994,0.6912,0.02134396
8/05/1994,0.6912,0.02005291
9/05/1994,0.7776,0.020865512
10/05/1994,0.7776,0.02063169
11/05/1994,0.864,0.019771371
12/05/1994,0.864,0.020384481
13/05/1994,0.9504,0.017850951
14/05/1994,0.9504,0.019953607
15/05/1994,0.9504,0.019953616
16/05/1994,1.4688,0.018479452
17/05/1994,1.2096,0.017008391
18/05/1994,1.296,0.034667992
19/05/1994,1.1232,0.033976123
20/05/1994,1.2096,0.018518642
21/05/1994,1.6416,0.016005941
22/05/1994,1.5552,0.027018028
23/05/1994,1.3824,0.018286179
24/05/1994,1.296,0.014325816
25/05/1994,1.296,0.016441834
26/05/1994,1.2096,0.069979015
27/05/1994,2.8512,0.055712766
28/05/1994,2.6784,0.026299443
29/05/1994,3.9744,0.019683136
30/05/1994,2.2464,0.01756698
31/05/1994,1.8144,0.023954477
1/06/1994,1.6416,0.021928567
2/06/1994,1.5552,0.019595444
3/06/1994,1.5552,0.018315981
4/06/1994,1.5552,0.021660155
5/06/1994,1.5552,0.084285388
6/06/1994,1.5552,0.303099254
7/06/1994,9.072,2.718344571
8/06/1994,22.2912,1.882522982
9/06/1994,20.304,0.900421418
10/06/1994,5.0112,0.341963314
11/06/1994,2.592,0.326101501
12/06/1994,2.3328,0.296723222
13/06/1994,2.4192,0.270887217
14/06/1994,2.3328,0.29886106
15/06/1994,2.3328,0.409991582
16/06/1994,2.3328,0.358992482
17/06/1994,2.4192,0.786077229
18/06/1994,2.5056,0.645544101
19/06/1994,4.4064,0.738713439
20/06/1994,3.3696,0.632901976
21/06/1994,3.8016,0.548780115
22/06/1994,3.2832,0.496851225
23/06/1994,2.6784,0.458857802
24/06/1994,2.3328,5.108419429
25/06/1994,7.776,4.240536163
26/06/1994,7.6896,7.639421627
27/06/1994,5.8752,5.284993769
28/06/1994,9.072,4.109841204
29/06/1994,6.3936,3.375912624
30/06/1994,4.0608,2.868944902
1/07/1994,3.024,2.496851832
2/07/1994,2.7648,2.188574056
3/07/1994,2.6784,1.947713567
4/07/1994,2.6784,1.747003809
5/07/1994,2.592,1.593763418
6/07/1994,2.5056,1.451932647
7/07/1994,2.5056,1.333510463
8/07/1994,2.3328,1.234747501
9/07/1994,2.16,1.141125639
10/07/1994,2.16,1.052082935
11/07/1994,2.0736,1.025630893
12/07/1994,1.9008,1.195467778
13/07/1994,1.9008,1.964345978
14/07/1994,3.456,1.558807021
15/07/1994,4.6656,1.376917538
16/07/1994,3.2832,1.448169717
17/07/1994,2.16,1.331867639
18/07/1994,2.0736,1.222329487
19/07/1994,1.9008,1.164265255
20/07/1994,1.8144,1.058804894
21/07/1994,1.728,0.98794039
22/07/1994,1.728,0.930620522
23/07/1994,1.6416,0.870528643
24/07/1994,1.6416,0.816620814
25/07/1994,1.8144,0.881043688
26/07/1994,1.8144,0.792077177
27/07/1994,2.0736,0.750371138
28/07/1994,1.9008,0.6912235
29/07/1994,1.8144,0.658985687
30/07/1994,1.9008,7.81285398
31/07/1994,11.4048,19.33509928
1/08/1994,19.3536,8.80766218
2/08/1994,9.504,7.644368379
3/08/1994,5.0112,6.069151726
4/08/1994,3.1104,4.887240232
5/08/1994,2.3328,4.042081895
6/08/1994,2.0736,4.096952464
7/08/1994,1.9872,4.530108471
8/08/1994,1.9872,4.627886941
9/08/1994,2.0736,3.963599057
10/08/1994,2.4192,3.373230494
11/08/1994,3.024,2.910570765
12/08/1994,2.8512,2.541051685
13/08/1994,2.6784,2.515652358
14/08/1994,2.5056,2.378346933
15/08/1994,2.5056,2.150576064
16/08/1994,2.592,1.933425214
17/08/1994,2.6784,1.776327209
18/08/1994,2.5056,1.654372718
19/08/1994,2.5056,1.505569961
20/08/1994,2.4192,1.398170706
21/08/1994,2.3328,1.330433608
22/08/1994,2.3328,1.22389831
23/08/1994,2.3328,1.403486781
24/08/1994,2.3328,1.249992976
25/08/1994,2.3328,1.139170572
26/08/1994,2.2464,1.050473671
27/08/1994,2.2464,0.9532073
28/08/1994,2.2464,0.918263204
29/08/1994,2.2464,0.892919024
30/08/1994,2.2464,0.819252584
31/08/1994,2.2464,0.73771692
1/09/1994,2.2464,0.678900029
2/09/1994,2.2464,0.683168702
3/09/1994,2.2464,0.721096274
4/09/1994,2.2464,1.007243635
5/09/1994,2.3328,0.792297814
6/09/1994,3.1104,0.760098664
7/09/1994,3.456,0.6515701
8/09/1994,2.8512,0.678581643
9/09/1994,2.592,0.629349471
10/09/1994,2.5056,0.564244869
11/09/1994,2.2464,0.510823251
12/09/1994,2.0736,0.539586178
13/09/1994,2.0736,0.563924039
14/09/1994,2.0736,0.459218728
15/09/1994,2.0736,0.451275442
16/09/1994,2.0736,0.423549026
17/09/1994,2.0736,0.409092048
18/09/1994,2.0736,0.400691206
19/09/1994,2.0736,0.377558021
20/09/1994,2.16,0.356254343
21/09/1994,2.0736,0.343965842
22/09/1994,1.9872,0.294260005
23/09/1994,1.9872,0.317916401
24/09/1994,1.9872,0.32834596
25/09/1994,1.9872,0.299953585
26/09/1994,1.9872,0.298557587
27/09/1994,1.9872,0.331844781
28/09/1994,1.9872,0.245283647
29/09/1994,1.9872,0.362417104
30/09/1994,1.9008,0.298786919
1/10/1994,1.9008,0.053527331
2/10/1994,1.9008,0.477449013
3/10/1994,1.8144,0.231469782
4/10/1994,1.8144,6.486379089
5/10/1994,3.456,2.967421415
6/10/1994,15.6384,1.425737806
7/10/1994,8.64,2.852540578
8/10/1994,4.9248,2.041813904
9/10/1994,10.6272,1.526955259
10/10/1994,7.4304,1.271791839
11/10/1994,4.8384,1.109024081
12/10/1994,2.6784,0.971512899
13/10/1994,2.2464,0.828758803
14/10/1994,1.9872,0.704464008
15/10/1994,1.8144,0.626972182
16/10/1994,1.5552,0.586699403
17/10/1994,1.4688,0.598659435
18/10/1994,1.4688,0.509926417
19/10/1994,1.4688,0.482313731
20/10/1994,1.296,0.440376309
21/10/1994,1.1232,0.372019936
22/10/1994,1.1232,0.31606567
23/10/1994,1.4688,0.268712778
24/10/1994,1.3824,0.25848662
25/10/1994,1.1232,0.221757043
26/10/1994,0.9504,0.262280883
27/10/1994,0.864,0.223595466
28/10/1994,1.0368,0.181074324
29/10/1994,1.296,0.185533573
30/10/1994,1.2096,0.147626602
31/10/1994,1.296,0.10026076
1/11/1994,1.1232,0.524713544
2/11/1994,1.8144,2.647406951
3/11/1994,9.5904,1.194287525
4/11/1994,12.96,0.766858762
5/11/1994,4.5792,0.794105598
6/11/1994,3.1104,1.165754662
7/11/1994,4.0608,5.211497226
8/11/1994,13.6512,2.383000702
9/11/1994,16.848,1.577359896
10/11/1994,7.344,1.234635303
11/11/1994,3.8016,1.118521266
12/11/1994,2.7648,1.056835069
13/11/1994,2.592,0.924224244
14/11/1994,2.5056,0.764846396
15/11/1994,2.3328,0.665433394
16/11/1994,1.9008,0.564990793
17/11/1994,1.5552,0.505965207
18/11/1994,2.8512,0.451909569
19/11/1994,2.7648,0.405618629
20/11/1994,2.5056,0.421196953
21/11/1994,2.16,0.392549515
22/11/1994,2.0736,0.292546841
23/11/1994,2.0736,0.230302559
24/11/1994,1.728,0.209073888
25/11/1994,1.5552,0.203184023
26/11/1994,1.4688,0.135942346
27/11/1994,1.4688,0.166475877
28/11/1994,1.1232,0.115854676
29/11/1994,1.296,0.129781077
30/11/1994,1.0368,0.091618383
1/12/1994,0.864,0.052295436
2/12/1994,0.7776,0.039097636
3/12/1994,0.6048,0.029310345
4/12/1994,0.6048,0.018254041
5/12/1994,0.5184,0.012726087
6/12/1994,0.5184,0.011725057
7/12/1994,0.432,0.011444125
8/12/1994,0.3456,0.01688352
9/12/1994,0.5184,0.010932316
10/12/1994,0.6048,0.010682181
11/12/1994,0.7776,0.010441428
12/12/1994,0.9504,0.010209562
13/12/1994,0.6912,0.009986127
14/12/1994,0.6048,0.009770694
15/12/1994,0.5184,0.009562856
16/12/1994,0.3456,0.009362239
17/12/1994,0.2592,0.009168489
18/12/1994,0.0864,0.008981276
